MODELO,MEDIDAS,FOCO,CATEGORY,DESCRIPTION,FINISH,LEVEL,TYPE LIGHT,WATTS
00974-4,40 Ø X 130 ALTO,4,WILLIAMS KRUSTAL,,,,,
00963-4,40 Ø X 130 ALTO,4,WILLIAMS KRUSTAL,,,,,
00987-60,30 ANCHO X 60 LARGO X65 ALTO,6,WILLIAMS KRUSTAL,,,,,
00987-6,30 ANCHO X 80 LARGO X 65 ALTO,6,WILLIAMS KRUSTAL,,,,,
00987-10,30 ANCHO X 100 LARGO X 65 ALTO,10,WILLIAMS KRUSTAL,,,,,
00990-5,40 Ø X 65 ALTO,5,WILLIAMS KRUSTAL,,,,,
00990-6,50 Ø X 65 ALTO,6,WILLIAMS KRUSTAL,,,,,
00990-9,60 Ø X 65 ALTO ,10,WILLIAMS KRUSTAL,,,,,
00986-60,30 ANCHO X 60 LARGO X 65 ALTO,5,WILLIAMS KRUSTAL,,,,,
00986-7,30 ANCHO X 80 LARGO X 65 ALTO,7,WILLIAMS KRUSTAL,,,,,
00986-9,30 ANCHO X 100 LARGO X 65 ALTO,9,WILLIAMS KRUSTAL,,,,,
00982-5,40 ANCHO X 40 LARGO X 65 ALTO,5,WILLIAMS KRUSTAL,,,,,
00982-8,50 ANCHO X 50 LARGO X 65 ALTO,8,WILLIAMS KRUSTAL,,,,,
00976-4,30 Ø X 45 ALTO,4,WILLIAMS KRUSTAL,,,,,
00976-5,40 Ø X 100 ALTO,5,WILLIAMS KRUSTAL,,,,,
00975-8,50 Ø X 200 ALTO,8,WILLIAMS KRUSTAL,,,,,
00980-5,30 ANCHO X 60 LARGO X 65 ALTO,5,WILLIAMS KRUSTAL,,,,,
00980-6,30 ANCHO X 80 LARGO X 65 ALTO,6,WILLIAMS KRUSTAL,,,,,
00980-10,30 ANCHO X 100 LARGO X 65 ALTO,10,WILLIAMS KRUSTAL,,,,,
00928-4,50 ANCHO X 65 LARGO X 35 ALTO,4,WILLIAMS KRUSTAL,,,,,
10930-4,30 Ø X 50 ALTO,4,WILLIAMS KRUSTAL,,,,,
10940-5,40 Ø X 60 ALTO,5,WILLIAMS KRUSTAL,,,,,
00926-6,50 Ø X 70 ALTO,6,WILLIAMS KRUSTAL,,,,,
10960-9,60 Ø X 80 ALTO ,9,WILLIAMS KRUSTAL,,,,,
10970-9,70 Ø X 100 ALTO,9,WILLIAMS KRUSTAL,,,,,
10980-12,80 Ø X 130 ALTO,12,WILLIAMS KRUSTAL,,,,,
10100-13,100 Ø X 165 ALTO,13,WILLIAMS KRUSTAL,,,,,
00992-4,30 ANCHO X 30 LARGO X 60 ALTO,4,WILLIAMS KRUSTAL,,,,,
00992-5,40 ANCHO X 40 LARGO X 60 ALTO,5,WILLIAMS KRUSTAL,,,,,
00992-8,50 ANCHO X 50 LARGO X 60 ALTO,8,WILLIAMS KRUSTAL,,,,,
MD0024-5,40 Ø X 135 ALTO,5,WILLIAMS KRUSTAL,,,,,
MD0024-12,80 Ø X 245 ALTO,12,WILLIAMS KRUSTAL,,,,,
00955-6,40 Ø X 140 ALTO,6,WILLIAMS KRUSTAL,,,,,
00955-10,70 Ø X 220 ALTO,10,WILLIAMS KRUSTAL,,,,,
00955-11,70Ø X 320 ALTO,11,WILLIAMS KRUSTAL,,,,,
00955-12,80Ø X 450 ALTO,12,WILLIAMS KRUSTAL,,,,,
MD0025-5,40 Ø X 150 ALTO,5,WILLIAMS KRUSTAL,,,,,
Z1280-12,80 ANCHO X 80 LARGO X 290 ALTO,12,WILLIAMS KRUSTAL,,,,,
Z1260-9,60 ANCHO X 60 LARGO X 200 ALTO,9,WILLIAMS KRUSTAL,,,,,
15940-5,40 Ø X 200 ALTO,5,WILLIAMS KRUSTAL,,,,,
00318-4,30 Ø X 70 ALTO,4,WILLIAMS KRUSTAL,,,,,
00318-5,50 Ø X 90 ALTO,5,WILLIAMS KRUSTAL,,,,,
00318-12,80 Ø X 140 ALTO,12,WILLIAMS KRUSTAL,,,,,
00958-5,50 ANCHO X 65 LARGO X 55 ALTO,5,WILLIAMS KRUSTAL,,,,,
00301-5,50 ANCHO X 50 LARGO X 70 ALTO,5,WILLIAMS KRUSTAL,,,,,
00302-5,12 ANCHO X 80 LARGO X 80 ALTO,5,WILLIAMS KRUSTAL,,,,,
00967-4,50 ANCHO X 65 LARGO X 50 ALTO,4,WILLIAMS KRUSTAL,,,,,
00304-8,70 Ø X 200 ALTO,8,WILLIAMS KRUSTAL,,,,,
00305-3,12 ANCHO X 60 ANCHO X 40 ALTO,3,WILLIAMS KRUSTAL,,,,,
00307-6,30 ANCHO X 80 LARGO X 70 ALTO,6,WILLIAMS KRUSTAL,,,,,
00308-5,12 ANCHO X 80 LARGO X 60 ALTO,5,WILLIAMS KRUSTAL,,,,,
00309-6,30 ANCHO X 80 LARGO X 55 ALTO,6,WILLIAMS KRUSTAL,,,,,
00310-8,50 Ø X 200 ALTO,8,WILLIAMS KRUSTAL,,,,,
00313-5,40 Ø X 80 ALTO,5,WILLIAMS KRUSTAL,,,,,
CORAZON,27 ANCHO X 50 LARGO X 55 ALTO,6,WILLIAMS KRUSTAL,,,,,
ESTRELLA,27 ANCHO X 50 LARGO X 70 ALTO,8,WILLIAMS KRUSTAL,,,,,
C00955-5,40 ANCHO X 40 LARGO X 140 ALTO,5,WILLIAMS KRUSTAL,,,,,
C00955-9,60 ANCHO X 60 LARGO X 2.20 ALTO,9,WILLIAMS KRUSTAL,,,,,
C00955-10,70 ANCHO X 70 LARGO X 270 ALTO,10,WILLIAMS KRUSTAL,,,,,
00314-8,50 ANCHO X 50 LARGO X 45 ALTO,8,WILLIAMS KRUSTAL,,,,,
00315-5,50 Ø X 100 ALTO,5,WILLIAMS KRUSTAL,,,,,
00317-5,40 Ø X 160 ALTO,5,WILLIAMS KRUSTAL,,,,,
00319-4,30 Ø X 130 ALTO,4,WILLIAMS KRUSTAL,,,,,
P99030-3,30 ANCHO X 30 LARGO X 30 ALTO,3,WILLIAMS KRUSTAL,,,,,
P99040-4,40 ANCHO X 40 LARGO X 30 ALTO,4,WILLIAMS KRUSTAL,,,,,
P99050-6,50 ANCHO X 50 LARGO X 30 ALTO,6,WILLIAMS KRUSTAL,,,,,
00311-4,12 ANCHO X 60 ANCHO X 40 ALTO,4,WILLIAMS KRUSTAL,,,,,
00303-4,30 Ø X 80 ALTO,4,WILLIAMS KRUSTAL,,,,,
00303-5,40 Ø X 150 ALTO,5,WILLIAMS KRUSTAL,,,,,
00303-10,70 Ø X 235 ALTO,10,WILLIAMS KRUSTAL,,,,,
MD0038-5,40 ANCHO X 40 LARGO X 150 ALTO,5,WILLIAMS KRUSTAL,,,,,
MD0038-13,60 ANCHO X 60 LARGO X 235 ALTO,13,WILLIAMS KRUSTAL,,,,,
MD0037-10,50 ANCHO X 100 LARGO X 70 ALTO,10,WILLIAMS KRUSTAL,,,,,
12930-4,30 Ø X 55 ALTO,4,WILLIAMS KRUSTAL,,,,,
12940-5,40 Ø X 65 ALTO,5,WILLIAMS KRUSTAL,,,,,
12926-6,50 Ø X 75 ALTO,6,WILLIAMS KRUSTAL,,,,,
12960-9,60 Ø X 85 ALTO,9,WILLIAMS KRUSTAL,,,,,
12970-9,70 Ø x 115 ALTO,9,WILLIAMS KRUSTAL,,,,,
12980-12,80 Ø X 145 ALTO,12,WILLIAMS KRUSTAL,,,,,
12100-13,100 Ø X 180 ALTO,13,WILLIAMS KRUSTAL,,,,,
12976-4,30 Ø X 50 ALTO,4,WILLIAMS KRUSTAL,,,,,
12976-5,40 Ø X 105 ALTO,5,WILLIAMS KRUSTAL,,,,,
G00312-8,50 ANCHO X 50 LARGO X 100 ALTO,8,WILLIAMS KRUSTAL,,,,,
B00312-8,50 ANCHO X 50 LARGO X 100 ALTO,8,WILLIAMS KRUSTAL,,,,,
P95040-2,12 ANCHO X 40 LARGO X 30 ALTO,2,WILLIAMS KRUSTAL,,,,,
P95060-4,12 ANCHO X 60 LARGO X 30 ALTO,4,WILLIAMS KRUSTAL,,,,,
P95080-5,12 ANCHO X 80 LARGO X 30 ALTO,5,WILLIAMS KRUSTAL,,,,,
P22030-4,30 ANCHO X 30 LARGO X 30 ALTO,4,WILLIAMS KRUSTAL,,,,,
P22040-5,40 ANCHO X 40 LARGO X 30 ALTO,5,WILLIAMS KRUSTAL,,,,,
P22050-6,50 ANCHO X 50 LARGO X 30 ALTO,6,WILLIAMS KRUSTAL,,,,,
P44030-4,30 ANCHO X 30 LARGO X 30 ALTO,4,WILLIAMS KRUSTAL,,,,,
P44040-4,40 ANCHO X 40 LARGO X 30 ALTO,4,WILLIAMS KRUSTAL,,,,,
P44050-5,50 ANCHO X 50 LARGO X 30 ALTO,5,WILLIAMS KRUSTAL,,,,,
P11030-3,30 Ø X 35 ALTO,3,WILLIAMS KRUSTAL,,,,,
P11040-4,40 Ø X 35 ALTO,4,WILLIAMS KRUSTAL,,,,,
P11050-5,50 Ø X 35 ALTO,5,WILLIAMS KRUSTAL,,,,,
P50930-3,30 Ø X 30 ALTO,3,WILLIAMS KRUSTAL,,,,,
P50940-4,40 Ø X 30 ALTO,4,WILLIAMS KRUSTAL,,,,,
P50950-6,50 Ø X 30 ALTO,6,WILLIAMS KRUSTAL,,,,,
P70930-3,30 Ø X 30 ALTO,3,WILLIAMS KRUSTAL,,,,,
P70940-4,40 Ø X 30 ALTO,4,WILLIAMS KRUSTAL,,,,,
P70950-6,50 Ø X 30 ALTO,6,WILLIAMS KRUSTAL,,,,,
P10920-3,20 Ø X 30 ALTO,3,WILLIAMS KRUSTAL,,,,,
P10930-4,30 Ø X 30 ALTO,4,WILLIAMS KRUSTAL,,,,,
P10940-5,40 Ø X 30 ALTO,5,WILLIAMS KRUSTAL,,,,,
P10950-6,50 Ø X 30 ALTO,6,WILLIAMS KRUSTAL,,,,,
P10960-9,60 Ø X 30 ALTO,9,WILLIAMS KRUSTAL,,,,,
P20920-3,20 ANCHO X 20 LARGO X 30 ALTO,3,WILLIAMS KRUSTAL,,,,,
P20930-4,30 ANCHO X 30 LARGO X 30 ALTO,4,WILLIAMS KRUSTAL,,,,,
P20940-4,40 ANCHO X 40 LARGO X 30 ALTO,4,WILLIAMS KRUSTAL,,,,,
P20950-6,50 ANCHO X 50 LARGO X 30 ALTO,6,WILLIAMS KRUSTAL,,,,,
P20960-10,60 ANCHO X 60 LARGO X 30 ALTO,10,WILLIAMS KRUSTAL,,,,,
C33030-3,30 Ø X 45 ALTO,3,WILLIAMS KRUSTAL,,,,,
C33040-4,40 Ø X 50 ALTO,4,WILLIAMS KRUSTAL,,,,,
C33050-6,50 Ø X 60 ALTO,6,WILLIAMS KRUSTAL,,,,,
C40030-4,30 ANCHO X 30 LARGO X 30 ALTO,4,WILLIAMS KRUSTAL,,,,,
C40040-5,40 ANCHO X 40 LARGO X 30 ALTO,5,WILLIAMS KRUSTAL,,,,,
C40050-6,50 ANCHO X 50 LARGO X 30 ALTO,6,WILLIAMS KRUSTAL,,,,,
P10980-5,30 ANCHO X 60 LARGO X 50 ALTO,5,WILLIAMS KRUSTAL,,,,,
P10987-6,30 ANCHO X 80 LARGO X 20 ALTO,6,WILLIAMS KRUSTAL,,,,,
P10985-10,30 ANCHO X 100 LARGO X 35 ALTO,10,WILLIAMS KRUSTAL,,,,,
S0482-6,50 Ø X 1.10 ALTO,6,WILLIAMS KRUSTAL,,,,,
DONA-9,60 Ø X 107ALTO,9,WILLIAMS KRUSTAL,,,,,
B00976-5,40Ø X 125A,5,WILLIAMS KRUSTAL,,,,,
B00955-6,40Ø X 140A,6,WILLIAMS KRUSTAL,,,,,
T7035-8,50Ø X1.60 ALTURA,8,WILLIAMS KRUSTAL,,,,,
A193-6,50Ø X 160 ALTURA,6,WILLIAMS KRUSTAL,,,,,
1950-9,50Ø X 2.00 ALTURA,9,WILLIAMS KRUSTAL,,,,,
00506-10,60 X 1.50 ALTURA,10,WILLIAMS KRUSTAL,,,,,
7040-9,70 DIAMETRO X 80 ALTO,9,WILLIAMS KRUSTAL,,,,,
00167-8,60Ø X 220 ALTO,8,WILLIAMS KRUSTAL,,,,,
6694-15,80Ø X 3.00 ALTO,15,WILLIAMS KRUSTAL,,,,,
1304-5,50 Ø X 52 ALTURA,5,WILLIAMS KRUSTAL,,,,,
R2001-5,50 Ø X 55 ALTURA,5,WILLIAMS KRUSTAL,,,,,
B00111-5,50 DIAMETRO X 1.30 ALTO,5,WILLIAMS KRUSTAL,,,,,
00530-8,60 X60 X1.25 ALTURA,8,WILLIAMS KRUSTAL,,,,,
00232-9,1.00 DIAMETRO X 45 ANCHO X 16 A,9,WILLIAMS KRUSTAL,,,,,
00201-8,50 ANCHO X 50 LARGO X 1.45 ALTO,8,WILLIAMS KRUSTAL,,,,,
1224-6,50Ø X 1.55 ALTO,6,WILLIAMS KRUSTAL,,,,,
00306-3,12 ANCHO X 60 LARGO X 63 ALTO,3,WILLIAMS KRUSTAL,,,,,
00316-3,12 ANCHO X 60 LARGO X 65 ALTO,3,WILLIAMS KRUSTAL,,,,,
D00974-4,40Ø X 130 ALTO,4,WILLIAMS KRUSTAL,,,,,
00299-8,50 X 50 X 1.20 ALTURA,8,WILLIAMS KRUSTAL,,,,,
D193-6,40D X 100 ALTURA,6,WILLIAMS KRUSTAL,,,,,
00721-5,40Ø X 90 ALTURA,5,WILLIAMS KRUSTAL,,,,,
CO250-16 CH,60Ø X 250 ALTO,16,WILLIAMS KRUSTAL,,,,,
CO250-16 GD,60Ø X 250 ALTO,16,WILLIAMS KRUSTAL,,,,,
CO180-16 CH,60Ø X 180 ALTO,16,WILLIAMS KRUSTAL,,,,,
CO180-16 GD,60Ø X 180 ALTO,16,WILLIAMS KRUSTAL,,,,,
00215-5,50Ø X 100 ALTO,5,WILLIAMS KRUSTAL,,,,,
00986-5,12 ANCHO X 60 LARGO X 45ALTURA,5,WILLIAMS KRUSTAL,,,,,
00501-4,12 ANCHO X 60 LARGO X 45ALTURA,4,WILLIAMS KRUSTAL,,,,,
10920-1,20 Ø X 30 ALTO,1,WILLIAMS KRUSTAL,,,,,
00986-3,12 ANCHO X 50 LARGO X 30 ALTO,3,WILLIAMS KRUSTAL,,,,,
00987-3,12 ANCHO X 50 LARGO X 30 ALTO,3,WILLIAMS KRUSTAL,,,,,
00981-3,12 ANCHO X 50 LARGO X 30 ALTO,3,WILLIAMS KRUSTAL,,,,,
00992-1,20 ANCHO X 20 LARGO X 30 ALTO,1,WILLIAMS KRUSTAL,,,,,
C00955-1,20 LARGO X 20 ANCHO X 33 ALTO,1,WILLIAMS KRUSTAL,,,,,
00955-1,20 Ø X 35 ALTO,1,WILLIAMS KRUSTAL,,,,,
00982-1,20 ANCHO X 20 LARGO X 30 ALTO,1,WILLIAMS KRUSTAL,,,,,
00976-1,20 Ø X 30 ALTO,1,WILLIAMS KRUSTAL,,,,,
00990-1,20 Ø X 30 ALTO,1,WILLIAMS KRUSTAL,,,,,
Z1220-1,20 ANCHO X 20 LARGO X 35 ALTO,1,WILLIAMS KRUSTAL,,,,,
M00990-1,15 Ø X 20 ALTO,1,WILLIAMS KRUSTAL,,,,,
M00955-1,15 Ø X 20 ALTO,1,WILLIAMS KRUSTAL,,,,,
M10915-1,15 Ø X 20 ALTO,1,WILLIAMS KRUSTAL,,,,,
M00976-1,15 Ø X 20 ALTO,1,WILLIAMS KRUSTAL,,,,,
MX-1,15 ANCHO X 15 LARGO X 26 ALTO,1,WILLIAMS KRUSTAL,,,,,
M00501-2,12 ANCHO X 30 LARGO X 20 ALTO,2,WILLIAMS KRUSTAL,,,,,
RG5006-3L,Ø520mm H450mm,E12 3x60w,LINEA MA. THERESA,Pendant Lamp,,,,
RG5006-3L,Ø520mm H450mm,E12 3x60w,LINEA MA. THERESA,Pendant Lamp,,,,
RG5006-4L,Ø520mm H450mm,E12 4x60w,LINEA MA. THERESA,Pendant Lamp,,,,
RG5006-4L,Ø520mm H450mm,E12 4x60w,LINEA MA. THERESA,Pendant Lamp,,,,
RG5006-5L,Ø520mm H450mm,E12 5x60w,LINEA MA. THERESA,Pendant Lamp,,,,
RG5006-5L,Ø520mm H450mm,E12 5x60w,LINEA MA. THERESA,Pendant Lamp,,,,
RG5006-6L,Ø520mm H450mm,E12 6x60w,LINEA MA. THERESA,Pendant Lamp,,,,
RG5006-6L,Ø520mm H450mm,E12 6x60w,LINEA MA. THERESA,Pendant Lamp,,,,
RG5006-8L,Ø600mm H500mm,E12 8x60w,LINEA MA. THERESA,Pendant Lamp,,,,
RG5006-8L,Ø600mm H500mm,E12 8x60w,LINEA MA. THERESA,Pendant Lamp,,,,
RG5006-10L,Ø800mm H500mm*,E12 10x60w,LINEA MA. THERESA,Pendant Lamp,,,,
RG5006-10L,Ø800mm H500mm*,E12 10x60w,LINEA MA. THERESA,Pendant Lamp,,,,
RG5006-12L,Ø600mm H500mm,E12 12x60w,LINEA MA. THERESA,Pendant Lamp,,,,
RG5006-12L,Ø600mm H500mm,E12 12x60w,LINEA MA. THERESA,Pendant Lamp,,,,
RG5006-15L,Ø800mm H500mm,E12 15x60w,LINEA MA. THERESA,Pendant Lamp,,,,
RG5006-15L,Ø800mm H500mm,E12 15x60w,LINEA MA. THERESA,Pendant Lamp,,,,
RG5011-19L,Ø800mm H650mm,E12 19x60w,LINEA MA. THERESA,Pendant Lamp,,,,
RG5011-19L,Ø800mm H650mm,E12 19x60w,LINEA MA. THERESA,Pendant Lamp,,,,
RG5001-25L,Ø1200mm H1000mm,E12 25x60w,LINEA MA. THERESA,Pendant Lamp,,,,
RG5001-25L,Ø1200mm H1000mm,E12 25x60w,LINEA MA. THERESA,Pendant Lamp,,,,
RG5001-40L,Ø1200mm H1200mm,E12 40x60w,LINEA MA. THERESA,Pendant Lamp,,,,
RG5001-40L,Ø1200mm H1200mm,E12 40x60w,LINEA MA. THERESA,Pendant Lamp,,,,
RG5001-60L,Ø1600mm H1500mm,E12 40x60w,LINEA MA. THERESA,Pendant Lamp,,,,
RG5001-60L,Ø1600mm H1500mm,E12 40x60w,LINEA MA. THERESA,Pendant Lamp,,,,
RG5006-1W,Ø100mm H280mm,E12 1x60w,LINEA MA. THERESA,Wall Lamp,,,,
RG5006-1W,Ø100mm H280mm,E12 1x60w,LINEA MA. THERESA,Wall Lamp,,,,
RG5006-2W,Ø300mm H250mm,E12 2x60w,LINEA MA. THERESA,Wall Lamp,,,,
RG5006-2W,Ø300mm H250mm,E12 2x60w,LINEA MA. THERESA,Wall Lamp,,,,
RG5006-3W,Ø250mm H300mm,E12 3x60w,LINEA MA. THERESA,Wall Lamp,,,,
RG5006-3W,Ø250mm H300mm,E12 3x60w,LINEA MA. THERESA,Wall Lamp,,,,
RG5006-5W,Ø420mm H380mm,E12 5x60w,LINEA MA. THERESA,Wall Lamp,,,,
RG5006-5W,Ø420mm H380mm,E12 5x60w,LINEA MA. THERESA,Wall Lamp,,,,
RG5006-6W,Ø380mm H620mm,E12 6x60w,LINEA MA. THERESA,Wall Lamp,,,,
RG5006-6W,Ø380mm H620mm,E12 6x60w,LINEA MA. THERESA,Wall Lamp,,,,
C2,1.18DX1.20A,,LINEA UNIVERSE,CIRCULAR SATURNO,,1,LUZ BLANCA,43
C3,97DX1.20A,,LINEA UNIVERSE,CIRCULAR SATURNO,,1,LUZ BLANCA,36
C4,   70DX1.20A,,LINEA UNIVERSE,CIRCULAR SATURNO,,1,LUZ BLANCA,27
C5,   50DX1.20A,,LINEA UNIVERSE,CIRCULAR SATURNO,,1,LUZ BLANCA,20
C6,   28DX1.20A,,LINEA UNIVERSE,CIRCULAR SATURNO,,1,LUZ BLANCA,11
C7,   20DX1.20A,,LINEA UNIVERSE,CIRCULAR SATURNO,,1,LUZ BLANCA,8
C234567,1.18DX2.20A,,LINEA UNIVERSE,CIRCULAR SATURNO,,6,LUZ BLANCA,145
C23456,1.18DX2.00A,,LINEA UNIVERSE,CIRCULAR SATURNO,,5,LUZ BLANCA,137
C34567,97DX2.00A,,LINEA UNIVERSE,CIRCULAR SATURNO,,5,LUZ BLANCA,102
C2345,1.18DX1.80A,,LINEA UNIVERSE,CIRCULAR SATURNO,,4,LUZ BLANCA,126
C3456 ,97DX1.80A,,LINEA UNIVERSE,CIRCULAR SATURNO,,4,LUZ BLANCA,94
C4567,   70DX1.80A,,LINEA UNIVERSE,CIRCULAR SATURNO,,4,LUZ BLANCA,66
C234,1.18DX1.60A,,LINEA UNIVERSE,CIRCULAR SATURNO,,3,LUZ BLANCA,106
C345,97DX1.60A,,LINEA UNIVERSE,CIRCULAR SATURNO,,3,LUZ BLANCA,83
C456,   70DX1.60A,,LINEA UNIVERSE,CIRCULAR SATURNO,,3,LUZ BLANCA,58
C567,   50DX1.60A,,LINEA UNIVERSE,CIRCULAR SATURNO,,3,LUZ BLANCA,39
C23,1.18DX1.20A,,LINEA UNIVERSE,CIRCULAR SATURNO,,2,LUZ BLANCA,79
C34,97DX1.40A,,LINEA UNIVERSE,CIRCULAR SATURNO,,2,LUZ BLANCA,63
C45,   70DX1.40A,,LINEA UNIVERSE,CIRCULAR SATURNO,,2,LUZ BLANCA,47
C56,   50DX1.40A,,LINEA UNIVERSE,CIRCULAR SATURNO,,2,LUZ BLANCA,31
C67,   28DX1.40A,,LINEA UNIVERSE,CIRCULAR SATURNO,,2,LUZ BLANCA,19
A4,   70AX32LX1.20A,,LINEA UNIVERSE,OVAL JUPITER,,1,LUZ BLANCA,19
A5,   55AX19LX1.20A,,LINEA UNIVERSE,OVAL JUPITER,,1,LUZ BLANCA,13
A45,   70AX32LX1.40A,,LINEA UNIVERSE,OVAL JUPITER,,2,LUZ BLANCA,32
R1,  1.00AX50LX1.20A,,LINEA UNIVERSE,RECTANGULAR VENUS,,1,LUZ BLANCA,37
R2,80AX40LX1.20A,,LINEA UNIVERSE,RECTANGULAR VENUS,,1,LUZ BLANCA,30
R3,60AX30LX1.20A,,LINEA UNIVERSE,RECTANGULAR VENUS,,1,LUZ BLANCA,22
R4,40AX20LX1.20A,,LINEA UNIVERSE,RECTANGULAR VENUS,,1,LUZ BLANCA,15
R5,20AX10LX1.20A,,LINEA UNIVERSE,RECTANGULAR VENUS,,1,LUZ BLANCA,9
R12345,  1.00AX50LX2.00A,,LINEA UNIVERSE,RECTANGULAR VENUS,,5,LUZ BLANCA,113
R1234,  1.00AX50LX1.80A,,LINEA UNIVERSE,RECTANGULAR VENUS,,4,LUZ BLANCA,104
R2345,80AX40LX1.80A,,LINEA UNIVERSE,RECTANGULAR VENUS,,4,LUZ BLANCA,76
R123,  1.00AX50LX1.60A,,LINEA UNIVERSE,RECTANGULAR VENUS,,3,LUZ BLANCA,89
R234,80AX40LX1.60A,,LINEA UNIVERSE,RECTANGULAR VENUS,,3,LUZ BLANCA,67
R345,60AX30LX1.60A,,LINEA UNIVERSE,RECTANGULAR VENUS,,3,LUZ BLANCA,46
R12,  1.00AX50LX1.40A,,LINEA UNIVERSE,RECTANGULAR VENUS,,2,LUZ BLANCA,67
R23,80AX40LX1.40A,,LINEA UNIVERSE,RECTANGULAR VENUS,,2,LUZ BLANCA,52
R34,60AX30LX1.40A,,LINEA UNIVERSE,RECTANGULAR VENUS,,2,LUZ BLANCA,37
R45,40AX20LX1.40A,,LINEA UNIVERSE,RECTANGULAR VENUS,,2,LUZ BLANCA,24
K1,  1.00AX1.00LX1.20A,,LINEA UNIVERSE,CUADRADO MERCURIO,,1,LUZ BLANCA,55
K2,80AX80LX1.20A,,LINEA UNIVERSE,CUADRADO MERCURIO,,1,LUZ BLANCA,40
K3,60AX60LX1.20A,,LINEA UNIVERSE,CUADRADO MERCURIO,,1,LUZ BLANCA,30
K4,40AX40LX1.20A,,LINEA UNIVERSE,CUADRADO MERCURIO,,1,LUZ BLANCA,15
K5,20AX20LX1.20A,,LINEA UNIVERSE,CUADRADO MERCURIO,,1,LUZ BLANCA,5
K12345,  1.00AX1.00LX2.00A,,LINEA UNIVERSE,CUADRADO MERCURIO,,5,LUZ BLANCA,145
K1234,  1.00AX1.00LX1.80A,,LINEA UNIVERSE,CUADRADO MERCURIO,,4,LUZ BLANCA,140
K2345,80AX80LX1.80A,,LINEA UNIVERSE,CUADRADO MERCURIO,,4,LUZ BLANCA,90
K123,  1.00AX1.00LX1.60A,,LINEA UNIVERSE,CUADRADO MERCURIO,,3,LUZ BLANCA,125
K234,80AX80LX1.60A,,LINEA UNIVERSE,CUADRADO MERCURIO,,3,LUZ BLANCA,85
K345,60AX60LX1.60A,,LINEA UNIVERSE,CUADRADO MERCURIO,,3,LUZ BLANCA,50
K12,  1.00AX1.00LX1.40A,,LINEA UNIVERSE,CUADRADO MERCURIO,,2,LUZ BLANCA,95
K23,80AX80LX1.40A,,LINEA UNIVERSE,CUADRADO MERCURIO,,2,LUZ BLANCA,70
K34,60AX60LX1.40A,,LINEA UNIVERSE,CUADRADO MERCURIO,,2,LUZ BLANCA,45
K45,40AX40LX1.40A,,LINEA UNIVERSE,CUADRADO MERCURIO,,2,LUZ BLANCA,20
T1,20AX20LX1.04A,,LINEA UNIVERSE,TORRE NEPTUNO 1 TIRA,,,LUZ BLANCA,3
T2,12AX25LX84A,,LINEA UNIVERSE,TORRE NEPTUNO 2 TIRAS LINEAL,,,LUZ BLANCA,6
T3,12AX40LX84A,,LINEA UNIVERSE,TORRE NEPTUNO 3 TIRAS LINEAL,,,LUZ BLANCA,9
L-20-GD,φ20*H38-L2  ,2,LINEA EUROPEA,MILAN,GOLD,,,
L-30-GD,φ30*H39- L2,2,LINEA EUROPEA,MILAN,GOLD,,,
L-40-GD,φ40*H43- L3,3,LINEA EUROPEA,MILAN,GOLD,,,
L-50-GD,φ50*H49-L6  ,6,LINEA EUROPEA,MILAN,GOLD,,,
L-60-GD,φ60*H51-L8  ,8,LINEA EUROPEA,MILAN,GOLD,,,
L-80-GD,φ80*H54-L15  ,15,LINEA EUROPEA,MILAN,GOLD,,,
L-100-GD,φ100*H60-L18  ,18,LINEA EUROPEA,MILAN,GOLD,,,
L-20-CH,φ20*H38-L2  ,2,LINEA EUROPEA,MILAN,CHROME,,,
L-30-CH,φ30*H39-  L2,2,LINEA EUROPEA,MILAN,CHROME,,,
L-40-CH,φ40*H43-  L3,3,LINEA EUROPEA,MILAN,CHROME,,,
L-50-CH,φ50*H49-L6  ,6,LINEA EUROPEA,MILAN,CHROME,,,
L-60-CH,φ60*H51-L8  ,8,LINEA EUROPEA,MILAN,CHROME,,,
L-80-CH,φ80*H54-L15  ,15,LINEA EUROPEA,MILAN,CHROME,,,
L-100-CH,φ100*H60-L18  ,18,LINEA EUROPEA,MILAN,CHROME,,,
RE-20-GD,φ20*H30-L2  ,2,LINEA EUROPEA,FLORENCIA,GOLD,,,
RE-30-GD,φ30*H32- L3 ,3,LINEA EUROPEA,FLORENCIA,GOLD,,,
RE-40-GD,φ40*H36-  L4,4,LINEA EUROPEA,FLORENCIA,GOLD,,,
RE-50-GD,φ50*H43-  L6,6,LINEA EUROPEA,FLORENCIA,GOLD,,,
RE-60-GD,φ60*H44-  L8,8,LINEA EUROPEA,FLORENCIA,GOLD,,,
RE-80-GD,φ80*H54-L10  ,10,LINEA EUROPEA,FLORENCIA,GOLD,,,
RE-100-GD,φ100*H57-L15  ,15,LINEA EUROPEA,FLORENCIA,GOLD,,,
RE-20-CH,φ20*H30-L2  ,2,LINEA EUROPEA,FLORENCIA,CHROME,,,
RE-30-CH,φ30*H32  L3,3,LINEA EUROPEA,FLORENCIA,CHROME,,,
RE-40-CH,φ40*H36-  L4,4,LINEA EUROPEA,FLORENCIA,CHROME,,,
RE-50-CH,φ50*H43-  L6,6,LINEA EUROPEA,FLORENCIA,CHROME,,,
RE-60-CH,φ60*H44-  L8,8,LINEA EUROPEA,FLORENCIA,CHROME,,,
RE-80-CH,φ80*H54-L10  ,10,LINEA EUROPEA,FLORENCIA,CHROME,,,
RE-100-CH,φ100*H57-L15  ,15,LINEA EUROPEA,FLORENCIA,CHROME,,,
PA-25-GD,φ20*H45-L2   ,2,LINEA EUROPEA,VENECIA,GOLD,,,
PA-37-GD,φ30*H52-L3  ,3,LINEA EUROPEA,VENECIA,GOLD,,,
PA-45-GD,φ40*H61-  L4,4,LINEA EUROPEA,VENECIA,GOLD,,,
PA-53-GD,φ50*H70-L8  ,8,LINEA EUROPEA,VENECIA,GOLD,,,
PA-62-GD,φ60*H70-  L8 ,8,LINEA EUROPEA,VENECIA,GOLD,,,
PA-80-GD,φ80*H94-L10   ,10,LINEA EUROPEA,VENECIA,GOLD,,,
PA-100-GD,φ100*H98-L18  ,18,LINEA EUROPEA,VENECIA,GOLD,,,
PA-25-CH,φ20*H45-L2   ,2,LINEA EUROPEA,VENECIA,CHROME,,,
PA-37-CH,φ30*H52-  L3,3,LINEA EUROPEA,VENECIA,CHROME,,,
PA-45-CH,φ40*H61-  L4,4,LINEA EUROPEA,VENECIA,CHROME,,,
PA-53-CH,φ50*H70-L8  ,8,LINEA EUROPEA,VENECIA,CHROME,,,
PA-62-CH,φ60*H70- L 8 ,8,LINEA EUROPEA,VENECIA,CHROME,,,
PA-80-CH,φ80*H94-L10 ,10,LINEA EUROPEA,VENECIA,CHROME,,,
PA-100-CH,φ100*H98-L18  ,18,LINEA EUROPEA,VENECIA,CHROME,,,
F044-6,D480mmH710mm,E26 Ò E27,LINEA IMPERIO,Pendant Chandlier,GOLD,,,
F044-6,D480mmH710mm,E26 Ò E27,LINEA IMPERIO,Pendant Chandlier,CHROME,,,
F205-5,D500mmH730mm,E26 Ò E27,LINEA IMPERIO,Pendant Chandlier,GOLD,,,
F205-5,D500mmH730mm,E26 Ò E27,LINEA IMPERIO,Pendant Chandlier,CHROME,,,
F550-13,D660mmH1180mm,E26 Ò E27,LINEA IMPERIO,Pendant Chandlier,GOLD,,,
F550-13,D660mmH1180mm,E26 Ò E27,LINEA IMPERIO,Pendant Chandlier,CHROME,,,
GL130-1, 13 Ø X AJUSTABLE HASTA 1.20,E26  5W LED X 1,LINEA GLOBOS,,,,,
GL180-1, 18 Ø X AJUSTABLE HASTA 1.20,E26  5W LED X 1,LINEA GLOBOS,,,,,
GL230-1,23 Ø X AJUSTABLE HASTA 1.20,E26  5W LED X 1,LINEA GLOBOS,,,,,
GL130-2,12 A X 50L X AJUSTABLE HASTA 1.20,E26  5W LED X 2,LINEA GLOBOS,,,,,
GL180-3,12ANCHOX80LARGOX140ALTO,E26 5W LED X 3,LINEA GLOBOS,,,,,
GL130-4,12 ANCHO X 80 LARGO X 160 ALTO,E26 5W LED X 4,LINEA GLOBOS,,,,,
GLD130-3,30DIAMETROX160ALTO,E26 5W LED X 3,LINEA GLOBOS,,,,,
GL130-3,12ANCHO X 50LARGO X120ALTO ,E26  5W LED X 3,LINEA GLOBOS,,,,,
GL230-6,60DIAMETROX160ALTO,E26 5W LED X 6,LINEA GLOBOS,,,,,
GL180-6,50DIAMETROX160ALTO,E26 5W LED X 6,LINEA GLOBOS,,,,,
GL131823-3,30DIAMETROX160ALTO,E26 5W LED X 3,LINEA GLOBOS,,,,,
GL130-6,50DIAMETROX220ALTO,E26 5W LED X 6,LINEA GLOBOS,,,,,
GL1823-5,50 ANCHO X 50 LARGO X 65 ALTO,E26 5W LED X 5,LINEA GLOBOS,,,,,
Wall lamp 1L,10ANCHOX28ALTO,E12,LINEA ELEGANCE,,,,,
Wall lamp 2L,30ANCHOX25ALTO,E12,LINEA ELEGANCE,,,,,
Wall lamp 3L,25ANCHOX35ALTO,E12,LINEA ELEGANCE,,,,,
0699-3L,52DIAMETROX45ALTURA,E12,LINEA ELEGANCE,,,,,
0699-4L,52DIAMETROX45ALTURA,E12,LINEA ELEGANCE,,,,,
0699-5L,52DIAMETROX45ALTURA,E12,LINEA ELEGANCE,,,,,
0699-6L,52DIAMETROX45ALTURA,E12,LINEA ELEGANCE,,,,,
0699-8L,65DIAMETROX50ALTURA,E12,LINEA ELEGANCE,,,,,
0699-10L,80DIAMETROX65ALTO,E12,LINEA ELEGANCE,,,,,
0699-12L,92DIAMETROX65ALTO,E12,LINEA ELEGANCE,,,,,
0699-12+6L,92DIAMETROX72ALTO,E12,LINEA ELEGANCE,,,,,
0699-16+18L,120DIAMETROX80ALTURA,E12,LINEA ELEGANCE,,,,,
0699-18+12+6L,D1400mmH1380mm,E12,LINEA ELEGANCE,,,,,
0699-18+15+10+5L,D1500mmH1700mm,E12,LINEA ELEGANCE,,,,,
0699-76L-24+18+16+12+6,D1850mmH2160mm,E12,LINEA ELEGANCE,,,,,
VI8019-10,80 Ø X 95 ALTURA,GU10 130V X 10,LINEA VIENA,,,,,
VI6013-10,60 Ø X 70 ALTURA,GU10 130V X 10,LINEA VIENA,,,,,
VI7025-10,70 Ø X 90 ALTURA,GU10 130V X 10,LINEA VIENA,,,,,
VI8036-12,80 Ø X 110 ALTURA,GU10 130V X 12,LINEA VIENA,,,,,
VI10049-15,100 Ø X 140 ALTO,GU10 130V X 15,LINEA VIENA,,,,,
VI8050-10,80 Ø 340 ALTO,GU10 130V X 10,LINEA VIENA,,,,,
VI3006-4,30 Ø 80 ALTO,GU10 130V X 4,LINEA VIENA,,,,,
VI5013-6,50 Ø 150 ALTO,GU10 130V X 6,LINEA VIENA,,,,,
VI7024-10,70 Ø 200 ALTO,GU10 130V X 10,LINEA VIENA,,,,,
VI5009-7,50 Ø X 75 ALTURA,GU10 130V X 7,LINEA VIENA,,,,,
VI5011-6,50 Ø X 75 ALTURA,GU10 130V X 6,LINEA VIENA,,,,,
VI40408-5,40 A X 40 L X 75  A,GU10 130V X 5,LINEA VIENA,,,,,
VI12504-3,12 A X 50 L X 75 A,GU10 130V X 3,LINEA VIENA,,,,,
